{
  "attacks": {
    "dinov2": {
      "per_template": {
        "coordinate_register_twenty_point_x_v02": {
          "directed_oof_auc": 0.5036333333333334,
          "fold_direction": [
            1,
            1,
            1,
            1,
            1
          ],
          "fold_train_auc": [
            0.6773350694444444,
            0.6772916666666666,
            0.6913888888888889,
            0.6687934027777778,
            0.685390625
          ],
          "gate_statistic": 0.5036333333333334,
          "n_members": 1200,
          "n_pairs": 600,
          "n_splits": 5,
          "pair_bootstrap_ci_95": [
            0.5002105555555556,
            0.5143961111111112
          ]
        },
        "header_cued_table_code_v02": {
          "directed_oof_auc": 0.5016777777777778,
          "fold_direction": [
            1,
            1,
            1,
            1,
            1
          ],
          "fold_train_auc": [
            0.9037934027777778,
            0.8989670138888889,
            0.9246875,
            0.9084895833333333,
            0.9244097222222222
          ],
          "gate_statistic": 0.5016777777777778,
          "n_members": 600,
          "n_pairs": 300,
          "n_splits": 5,
          "pair_bootstrap_ci_95": [
            0.5001330555555555,
            0.5084234722222222
          ]
        },
        "starred_series_value_nine_v07": {
          "directed_oof_auc": 0.4908,
          "fold_direction": [
            1,
            1,
            1,
            1,
            1
          ],
          "fold_train_auc": [
            0.9699652777777777,
            0.9822743055555555,
            0.9749131944444445,
            0.9827083333333333,
            0.9687326388888889
          ],
          "gate_statistic": 0.5092,
          "n_members": 600,
          "n_pairs": 300,
          "n_splits": 5,
          "pair_bootstrap_ci_95": [
            0.5005330555555555,
            0.5380261111111111
          ]
        }
      },
      "pooled": {
        "directed_oof_auc": 0.5020923611111111,
        "fold_direction": [
          1,
          1,
          1,
          1,
          1
        ],
        "fold_train_auc": [
          0.6242182074652778,
          0.6257855902777778,
          0.6263981119791666,
          0.6305197482638889,
          0.63068359375
        ],
        "gate_statistic": 0.5020923611111111,
        "n_members": 2400,
        "n_pairs": 1200,
        "n_splits": 5,
        "pair_bootstrap_ci_95": [
          0.5001378298611111,
          0.5150501302083333
        ]
      }
    },
    "frequency_stat": {
      "per_template": {
        "coordinate_register_twenty_point_x_v02": {
          "directed_oof_auc": 0.4999527777777778,
          "fold_direction": [
            1,
            1,
            1,
            1,
            1
          ],
          "fold_train_auc": [
            0.5343315972222222,
            0.5199652777777778,
            0.5299782986111111,
            0.5213064236111111,
            0.521640625
          ],
          "gate_statistic": 0.5000472222222222,
          "n_members": 1200,
          "n_pairs": 600,
          "n_splits": 5,
          "pair_bootstrap_ci_95": [
            0.5002663194444444,
            0.5152791666666666
          ]
        },
        "header_cued_table_code_v02": {
          "directed_oof_auc": 0.48055555555555557,
          "fold_direction": [
            1,
            1,
            1,
            1,
            1
          ],
          "fold_train_auc": [
            0.5166145833333333,
            0.5266840277777778,
            0.5263368055555555,
            0.5197743055555556,
            0.5215972222222223
          ],
          "gate_statistic": 0.5194444444444444,
          "n_members": 600,
          "n_pairs": 300,
          "n_splits": 5,
          "pair_bootstrap_ci_95": [
            0.5024411111111111,
            0.5381472222222222
          ]
        },
        "starred_series_value_nine_v07": {
          "directed_oof_auc": 0.47683333333333333,
          "fold_direction": [
            1,
            1,
            1,
            1,
            1
          ],
          "fold_train_auc": [
            0.52140625,
            0.5307986111111112,
            0.5354166666666667,
            0.5329166666666667,
            0.5263020833333333
          ],
          "gate_statistic": 0.5231666666666667,
          "n_members": 600,
          "n_pairs": 300,
          "n_splits": 5,
          "pair_bootstrap_ci_95": [
            0.5060488888888888,
            0.5427336111111111
          ]
        }
      },
      "pooled": {
        "directed_oof_auc": 0.4962715277777778,
        "fold_direction": [
          1,
          1,
          1,
          1,
          1
        ],
        "fold_train_auc": [
          0.5183995225694444,
          0.5175813802083333,
          0.510361328125,
          0.5165342881944445,
          0.5107291666666667
        ],
        "gate_statistic": 0.5037284722222222,
        "n_members": 2400,
        "n_pairs": 1200,
        "n_splits": 5,
        "pair_bootstrap_ci_95": [
          0.5001818229166667,
          0.5127421354166667
        ]
      }
    },
    "metadata": {
      "per_template": {
        "coordinate_register_twenty_point_x_v02": {
          "directed_oof_auc": 0.5373111111111111,
          "fold_direction": [
            1,
            1,
            1,
            1,
            1
          ],
          "fold_train_auc": [
            0.5484418402777778,
            0.5514583333333334,
            0.5608463541666666,
            0.5458637152777778,
            0.5455555555555556
          ],
          "gate_statistic": 0.5373111111111111,
          "n_members": 1200,
          "n_pairs": 600,
          "n_splits": 5,
          "pair_bootstrap_ci_95": [
            0.5055185416666667,
            0.5703077083333333
          ]
        },
        "header_cued_table_code_v02": {
          "directed_oof_auc": 0.5129444444444444,
          "fold_direction": [
            1,
            1,
            1,
            1,
            1
          ],
          "fold_train_auc": [
            0.5495138888888889,
            0.5525,
            0.5404166666666667,
            0.5272569444444445,
            0.5362847222222222
          ],
          "gate_statistic": 0.5129444444444444,
          "n_members": 600,
          "n_pairs": 300,
          "n_splits": 5,
          "pair_bootstrap_ci_95": [
            0.5011861111111111,
            0.5587236111111111
          ]
        },
        "starred_series_value_nine_v07": {
          "directed_oof_auc": 0.4709777777777778,
          "fold_direction": [
            1,
            1,
            1,
            1,
            1
          ],
          "fold_train_auc": [
            0.5047048611111111,
            0.5423958333333333,
            0.5302951388888889,
            0.5252256944444444,
            0.510625
          ],
          "gate_statistic": 0.5290222222222223,
          "n_members": 600,
          "n_pairs": 300,
          "n_splits": 5,
          "pair_bootstrap_ci_95": [
            0.5015769444444445,
            0.5747347222222222
          ]
        }
      },
      "pooled": {
        "directed_oof_auc": 0.522475,
        "fold_direction": [
          1,
          1,
          1,
          1,
          1
        ],
        "fold_train_auc": [
          0.5309418402777778,
          0.5402072482638889,
          0.522470703125,
          0.5335731336805556,
          0.521240234375
        ],
        "gate_statistic": 0.522475,
        "n_members": 2400,
        "n_pairs": 1200,
        "n_splits": 5,
        "pair_bootstrap_ci_95": [
          0.5020399479166667,
          0.5468530555555556
        ]
      }
    }
  },
  "bootstrap": "1000 resamples over pairs",
  "dinov2_status": "pass",
  "direction": "selected from each train fold only",