{
  "attacks": {
    "dinov2": {
      "per_template": {
        "coordinate_slope_v02": {
          "directed_oof_auc": 0.55115,
          "fold_direction": [
            1,
            1,
            1,
            1,
            1
          ],
          "fold_train_auc": [
            0.999296875,
            0.998046875,
            0.998046875,
            0.99875,
            0.9996875
          ],
          "gate_statistic": 0.55115,
          "n_members": 200,
          "n_pairs": 100,
          "n_splits": 5,
          "pair_bootstrap_ci_95": [
            0.5022924999999999,
            0.6253599999999999
          ]
        },
        "dense_table_code_v01": {
          "directed_oof_auc": 0.4792,
          "fold_direction": [
            1,
            1,
            1,
            1,
            1
          ],
          "fold_train_auc": [
            0.93875,
            0.914921875,
            0.9296875,
            0.914921875,
            0.93875
          ],
          "gate_statistic": 0.5207999999999999,
          "n_members": 200,
          "n_pairs": 100,
          "n_splits": 5,
          "pair_bootstrap_ci_95": [
            0.50139875,
            0.556605
          ]
        },
        "indexed_symbol_grid_v02": {
          "directed_oof_auc": 0.4884,
          "fold_direction": [
            1,
            1,
            1,
            1,
            1
          ],
          "fold_train_auc": [
            1.0,
            1.0,
            1.0,
            1.0,
            1.0
          ],
          "gate_statistic": 0.5116,
          "n_members": 200,
          "n_pairs": 100,
          "n_splits": 5,
          "pair_bootstrap_ci_95": [
            0.5019,
            0.5242025
          ]
        },
        "parallel_angle_marker_v02": {
          "directed_oof_auc": 1.0,
          "fold_direction": [
            1,
            1,
            1,
            1,
            1
          ],
          "fold_train_auc": [
            1.0,
            1.0,
            1.0,
            1.0,
            1.0
          ],
          "gate_statistic": 1.0,
          "n_members": 200,
          "n_pairs": 100,
          "n_splits": 5,
          "pair_bootstrap_ci_95": [
            1.0,
            1.0
          ]
        },
        "starred_series_value_v02": {
          "directed_oof_auc": 0.4797,
          "fold_direction": [
            1,
            1,
            1,
            1,
            1
          ],
          "fold_train_auc": [
            1.0,
            1.0,
            1.0,
            1.0,
            1.0
          ],
          "gate_statistic": 0.5203,
          "n_members": 200,
          "n_pairs": 100,
          "n_splits": 5,
          "pair_bootstrap_ci_95": [
            0.5011,
            0.5568074999999999
          ]
        },
        "triangle_missing_angle_v02": {
          "directed_oof_auc": 0.58495,
          "fold_direction": [
            1,
            1,
            1,
            1,
            1
          ],
          "fold_train_auc": [
            0.99359375,
            0.99796875,
            0.995,
            0.99796875,
            0.993671875
          ],
          "gate_statistic": 0.58495,
          "n_members": 200,
          "n_pairs": 100,
          "n_splits": 5,
          "pair_bootstrap_ci_95": [
            0.5083387500000001,
            0.66552
          ]
        }
      },
      "pooled": {
        "directed_oof_auc": 0.6251833333333333,
        "fold_direction": [
          1,
          1,
          1,
          1,
          1
        ],
        "fold_train_auc": [
          0.8551215277777777,
          0.8505295138888889,
          0.8673849826388889,
          0.8429361979166666,
          0.8543793402777777
        ],
        "gate_statistic": 0.6251833333333333,
        "n_members": 1200,
        "n_pairs": 600,
        "n_splits": 5,
        "pair_bootstrap_ci_95": [
          0.5989357291666667,
          0.6492615625
        ]
      }
    },
    "frequency_stat": {
      "per_template": {
        "coordinate_slope_v02": {
          "directed_oof_auc": 0.51405,
          "fold_direction": [
            1,
            1,
            1,
            1,
            1
          ],
          "fold_train_auc": [
            0.651015625,
            0.590703125,
            0.575234375,
            0.60953125,
            0.5971875
          ],
          "gate_statistic": 0.51405,
          "n_members": 200,
          "n_pairs": 100,
          "n_splits": 5,
          "pair_bootstrap_ci_95": [
            0.5011,
            0.58761
          ]
        },
        "dense_table_code_v01": {
          "directed_oof_auc": 0.4353,
          "fold_direction": [
            1,
            1,
            1,
            1,
            1
          ],
          "fold_train_auc": [
            0.5428125,
            0.56265625,
            0.54109375,
            0.53421875,
            0.54765625
          ],
          "gate_statistic": 0.5647,
          "n_members": 200,
          "n_pairs": 100,
          "n_splits": 5,
          "pair_bootstrap_ci_95": [
            0.5167974999999999,
            0.61471
          ]
        },
        "indexed_symbol_grid_v02": {
          "directed_oof_auc": 0.5478,
          "fold_direction": [
            1,
            1,
            1,
            1,
            1
          ],
          "fold_train_auc": [
            0.5465625,
            0.56609375,
            0.56453125,
            0.5803125,
            0.5609375
          ],
          "gate_statistic": 0.5478,
          "n_members": 200,
          "n_pairs": 100,
          "n_splits": 5,
          "pair_bootstrap_ci_95": [
            0.5029,
            0.62922
          ]
        },
        "parallel_angle_marker_v02": {
          "directed_oof_auc": 1.0,
          "fold_direction": [
            1,
            1,
            1,
            1,
            1
          ],
          "fold_train_auc": [
            1.0,
            1.0,
            1.0,
            1.0,
            1.0
          ],
          "gate_statistic": 1.0,
          "n_members": 200,
          "n_pairs": 100,
          "n_splits": 5,
          "pair_bootstrap_ci_95": [
            1.0,
            1.0
          ]
        },
        "starred_series_value_v02": {
          "directed_oof_auc": 0.5193,
          "fold_direction": [
            1,
            1,
            1,
            1,
            1
          ],
          "fold_train_auc": [
            0.6034375,
            0.58421875,
            0.625,
            0.62109375,
            0.605625
          ],
          "gate_statistic": 0.5193,
          "n_members": 200,
          "n_pairs": 100,
          "n_splits": 5,
          "pair_bootstrap_ci_95": [
            0.5009,
            0.56751
          ]
        },
        "triangle_missing_angle_v02": {
          "directed_oof_auc": 0.58615,
          "fold_direction": [
            1,
            1,
            1,
            1,
            1
          ],
          "fold_train_auc": [
            0.66140625,
            0.67,
            0.69421875,
            0.7103125,
            0.692890625
          ],
          "gate_statistic": 0.58615,
          "n_members": 200,
          "n_pairs": 100,
          "n_splits": 5,
          "pair_bootstrap_ci_95": [
            0.52264875,
            0.6536075
          ]
        }
      },
      "pooled": {
        "directed_oof_auc": 0.5653083333333333,
        "fold_direction": [
          1,
          1,
          1,
          1,
          1
        ],
        "fold_train_auc": [
          0.5973611111111111,
          0.5880447048611112,
          0.5812022569444445,
          0.5795138888888889,
          0.5895789930555555
        ],
        "gate_statistic": 0.5653083333333333,
        "n_members": 1200,
        "n_pairs": 600,
        "n_splits": 5,