{
  "checks": {
    "all_pairs_complete": true,
    "exact_pair_count_192": true,
    "exact_row_count_1920": true,
    "member_outcomes_exact_1920": true,
    "one_contract_value_per_field": true,
    "reward_recomputation_exact": true,
    "unique_cp_outcomes_exact_960": true
  },
  "contracts": {
    "cp_reward_version": [
      "\"cp-grpo-reward-v1\""
    ],
    "format_prompt_sha256": [
      "\"f1b62cb8332bdbec38efc8689aff6e9ce65174c0db8967937307880f95f58fca\""
    ],
    "max_tokens": [
      "2048"
    ],
    "model_revision": [
      "\"ModelScope:Qwen/Qwen2.5-VL-3B-Instruct@master-tree_sha256_84c656fb6d6a5f4ef3ccbf47c3880c3a3d22c63eb8736a88fa7a0ddb542e3568\""
    ],
    "parser_version": [
      "\"canonical-v2\""
    ],
    "pilot_reward_version": [
      "\"pilot-reward-v1\""
    ],
    "rollout_n": [
      "5"
    ],
    "sample_manifest_sha256": [
      "\"254558f2ab274ae95cd900412d56203e7bf6eaa94ddc95c8707641266da643c2\""
    ],
    "seed": [
      "20260716"
    ],
    "temperature": [
      "1.0"
    ],
    "top_p": [
      "1.0"
    ]
  },
  "errors": [],
  "overall": {
    "cp_unique_pair_outcomes": {
      "hit_rate": 0.146875,
      "n": 960,
      "population_variance": 0.125302734375,
      "sample_variance": 0.12543339416058394
    },
    "member_outcomes": {
      "hit_rate": 0.2526041666666667,
      "n": 1920,
      "population_variance": 0.18879530164930555,
      "sample_variance": 0.18889368377627236
    }
  },
  "pair_order_check": {
    "side_a": {
      "hit_rate": 0.2520833333333333,
      "n": 960,
      "population_variance": 0.1885373263888889,
      "sample_variance": 0.18873392422662497
    },
    "side_a_minus_b_hit_rate": -0.001041666666666663,
    "side_b": {
      "hit_rate": 0.253125,
      "n": 960,
      "population_variance": 0.189052734375,
      "sample_variance": 0.18924986965589155
    }
  },
  "per_template": {
    "mini_a5_train_code_matrix_v1": {
      "cp_unique_pair_outcomes": {
        "hit_rate": 0.375,
        "n": 320,
        "population_variance": 0.234375,
        "sample_variance": 0.23510971786833856
      },
      "member_outcomes": {
        "hit_rate": 0.4953125,
        "n": 640,
        "population_variance": 0.24997802734375,
        "sample_variance": 0.25036922926447575
      }
    },
    "mini_a5_train_labeled_scatter_v1": {
      "cp_unique_pair_outcomes": {
        "hit_rate": 0.053125,
        "n": 320,
        "population_variance": 0.050302734375,
        "sample_variance": 0.050460423197492166
      },
      "member_outcomes": {
        "hit_rate": 0.184375,
        "n": 640,
        "population_variance": 0.150380859375,
        "sample_variance": 0.1506161971830986
      }
    },
    "mini_a5_train_named_trajectory_v1": {
      "cp_unique_pair_outcomes": {
        "hit_rate": 0.0125,
        "n": 320,
        "population_variance": 0.01234375,
        "sample_variance": 0.012382445141065831
      },
      "member_outcomes": {
        "hit_rate": 0.078125,
        "n": 640,
        "population_variance": 0.072021484375,
        "sample_variance": 0.07213419405320813
      }
    }
  },
  "predictions_path": "experiments/runs/mini_a5_step0_qwen25vl3b_an12_20260716T183755Z/predictions.jsonl",
  "predictions_sha256": "5a796f7ea69cb7a1d40dcd8ec318cb3f872a0cfa5ee5e63d660e59297cd3e126",
  "reward_disagreement_reason_code_counts": {
    "0.0": 1920
  },
  "reward_recompute_mismatches": 0,
  "schema_version": "blind-gains.mini-a5-step0-summary.v1",
  "scientific_gate_decision": null,
  "status": "pass"
}
